,GPT4o Graduate School,GPT4o High School,GPT4o Elementary School,GPT4o Default,Web Retrieved
GPT4o Graduate School,,0.6767351055014249,0.7557136964659934,0.69487524402172,0.8482489678259971
GPT4o High School,0.539917046812043,,0.6412481187923914,0.5941848988316969,0.7937909410508442
GPT4o Elementary School,0.4591423036764407,0.4435493302273224,,0.4846345187513966,0.7152239576370667
GPT4o Default,0.48383659928661454,0.5194859447970139,0.6071639477115539,,0.7663988833866867
Web Retrieved,0.5247897356962634,0.5493963854446613,0.5991155157525843,0.5682489117933799,
