,GPT4o Graduate School,GPT4o High School,GPT4o Elementary School,GPT4o Default,Web Retrieved
GPT4o Graduate School,,0.741388927863918,0.8269125011596886,0.771156243989474,0.9274845379559085
GPT4o High School,0.635330581548587,,0.7477489425616679,0.6938310179485419,0.8995045118768261
GPT4o Elementary School,0.552341734661894,0.5406499186893395,,0.5766654028836397,0.8412076569662458
GPT4o Default,0.5886105606949431,0.612096420630091,0.7055713461359281,,0.880946479062641
Web Retrieved,0.6807798905595617,0.6938571417011336,0.7366384092745529,0.7134184288555253,
