,GPT4o Graduate School,GPT4o High School,GPT4o Elementary School,GPT4o Default,Web Retrieved
GPT4o Graduate School,,0.7113745301916046,0.7938597107788118,0.7357441340134041,0.890700820848855
GPT4o High School,0.5910365294684574,,0.6983078119334128,0.6475720631584114,0.8504288495541612
GPT4o Elementary School,0.5090755412302509,0.4955726816471979,,0.533941686735928,0.782721944695524
GPT4o Default,0.5399710954861933,0.5691036392490993,0.6598874455979701,,0.8277697763806362
Web Retrieved,0.6083642100947226,0.6267937813631341,0.6727958294488301,0.6460260388036019,
