,Llama3.2 Graduate School,Llama3.2 High School,Llama3.2 Elementary School,Llama3.2 Default,Web Retrieved
Llama3.2 Graduate School,,0.6842038435040002,0.8678615030229911,0.6927318047126039,0.9304374839994128
Llama3.2 High School,0.49924869189694926,,0.7676105114634696,0.5878428559738641,0.8933843052085132
Llama3.2 Elementary School,0.4409658538748908,0.39020722986608025,,0.47861467711582584,0.7756242891912669
Llama3.2 Default,0.4148474166901872,0.5002352241168898,0.7556964398943667,,0.876982567744356
Web Retrieved,0.6676803615611162,0.6911179651288063,0.774506339029401,0.7137987246288071,
