,Llama3.2 Graduate School,Llama3.2 High School,Llama3.2 Elementary School,Llama3.2 Default,Web Retrieved
Llama3.2 Graduate School,,0.6296647819456254,0.7938687112303437,0.6170991702391435,0.8386437450590427
Llama3.2 High School,0.42539596062786694,,0.6432240483123454,0.5038834662773413,0.7667261677829483
Llama3.2 Elementary School,0.37831244429603467,0.3134724109700792,,0.4148289911638342,0.6376678339978853
Llama3.2 Default,0.3183887460320357,0.43165427833957515,0.653812896823245,,0.747581092976882
Web Retrieved,0.5332430073143014,0.5704537458563935,0.6631744358726088,0.5952455076851154,
