,Llama3.2 Graduate School,Llama3.2 High School,Llama3.2 Elementary School,Llama3.2 Default,Web Retrieved
Llama3.2 Graduate School,,0.6588850452880193,0.8335116533683549,0.6576206869914643,0.8878238583279462
Llama3.2 High School,0.46496386287216696,,0.7098662879411772,0.5488661888783383,0.8345854969368034
Llama3.2 Elementary School,0.4118801125851843,0.35458444244997817,,0.44900329647338766,0.7115804360000144
Llama3.2 Default,0.37006817867631864,0.4683977286048255,0.7083988004623801,,0.8169102134560209
Web Retrieved,0.6052701889690876,0.6351017277321075,0.7228224649310008,0.6587624828621605,
